Feature,Importance
retConglomerate_MA3,0.09653693927444357
MomSeason16YrPlus_MA3,0.08311035701537442
CustomerMomentum_MA3,0.05777797540002826
TrendFactor_MA6,0.047206201459719536
TrendFactor_MA3,0.038039041877969935
IndMom_MA3,0.0357562172108615
retConglomerate_MA6,0.03413002913461982
IndMom_MA6,0.033622020738745324
betaVIX_MA6,0.031191015239550982
betaVIX_MA3,0.0303897599895859
